id,user_name,ip_address,date_time
1,hpotkins0,99.61.195.89,9/19/2024
2,erubee1,131.83.98.176,8/4/2024
3,jalenichicov2,84.24.0.7,2/14/2024
4,rawcoate3,207.55.129.20,8/22/2024
5,ovalero4,185.64.72.240,10/21/2024
6,cnodes5,124.0.214.95,8/9/2024
7,ctugman6,123.123.224.69,4/5/2024
8,jkatzmann7,133.129.253.196,10/15/2024
9,jbroadist8,129.68.181.60,9/27/2024
10,nhumpherson9,186.21.163.141,9/21/2024
11,tcleatherowa,86.228.247.99,10/5/2024
12,msivillb,67.134.103.233,4/24/2024
13,dmuntonc,62.102.59.54,11/28/2024
14,dbenboughd,253.40.66.99,2/3/2024
15,cgeare,156.65.143.72,1/4/2025
16,gyeatesf,254.12.31.23,2/26/2024
17,dohannayg,109.179.100.51,8/28/2024
18,ldearanh,44.179.78.57,11/5/2024
19,fduffyni,161.240.254.138,6/29/2024
20,tpybworthj,69.213.216.31,3/16/2024
21,olorrainek,177.121.149.66,8/24/2024
22,atweedelll,105.17.97.105,10/8/2024
23,ykrolikm,146.138.224.97,2/9/2024
24,czoanettin,170.12.173.104,4/26/2024
25,mtavnero,94.46.122.218,6/15/2024
26,jspybyp,45.193.145.225,2/7/2024
27,choldeyq,35.220.191.144,8/9/2024
28,bsercomber,118.55.244.114,9/2/2024
29,fselways,2.229.47.101,1/23/2024
30,ycatenott,185.224.58.50,1/1/2025
31,porwinu,123.193.252.157,10/3/2024
32,mmosdellv,37.73.103.41,11/13/2024
33,roldnallw,79.197.54.173,9/18/2024
34,bgerreyx,3.255.0.1,9/11/2024
35,lsedgemondy,177.241.21.64,1/30/2024
36,grenyardz,225.251.126.26,1/6/2025
37,tbarnewille10,54.13.128.11,7/7/2024
38,ckermit11,40.206.63.184,2/16/2024
39,lfroschauer12,177.110.37.10,3/24/2024
40,wmcjarrow13,107.200.106.6,10/3/2024
41,adwelly14,202.21.186.209,10/23/2024
42,adionisetto15,239.246.94.203,9/25/2024
43,shatliff16,125.235.103.90,3/16/2024
44,zstapylton17,0.204.132.35,7/25/2024
45,sthiese18,6.126.35.233,9/1/2024
46,iphelit19,217.121.137.162,5/12/2024
47,greddy1a,208.123.61.38,1/3/2025
48,bcargon1b,53.98.234.76,1/22/2024
49,uosbourn1c,31.234.142.61,4/26/2024
50,arowatt1d,87.83.240.86,4/30/2024
51,iderechter1e,244.26.175.116,8/25/2024
52,upringuer1f,75.127.104.80,8/10/2024
53,jhutchinges1g,151.212.56.101,2/28/2024
54,lormshaw1h,219.106.230.0,3/31/2024
55,rmosedall1i,14.204.215.175,9/15/2024
56,rhurndall1j,83.119.37.147,3/14/2024
57,vbecom1k,221.57.241.20,9/2/2024
58,bfasset1l,217.5.169.48,5/17/2024
59,kstrowther1m,69.244.213.173,3/18/2024
60,lhartington1n,23.95.123.118,7/20/2024
61,sbuckingham1o,18.33.195.19,11/1/2024
62,gfolan1p,206.34.173.82,12/17/2024
63,sgillmor1q,122.75.134.44,6/8/2024
64,cdaniells1r,137.39.188.87,4/7/2024
65,kkinny1s,83.34.32.58,6/10/2024
66,ktrammel1t,110.238.133.11,8/6/2024
67,ltanfield1u,30.85.189.27,3/19/2024
68,fteresi1v,127.139.42.151,4/2/2024
69,bmilverton1w,240.73.97.52,3/8/2024
70,wcrean1x,102.187.208.19,3/17/2024
71,ebaumann1y,96.142.144.72,7/29/2024
72,ediwell1z,168.239.214.169,9/29/2024
73,mwerrett20,222.22.156.88,6/22/2024
74,hwissby21,244.67.113.208,8/8/2024
75,vjerisch22,105.146.68.248,2/12/2024
76,jrudgerd23,227.98.117.120,4/14/2024
77,gvillar24,106.24.138.115,2/3/2024
78,ggwinnett25,232.200.184.202,6/20/2024
79,mgillham26,174.10.107.21,10/28/2024
80,tmargiotta27,8.239.177.81,7/7/2024
81,oespinola28,199.197.26.84,3/22/2024
82,ccolebourne29,191.246.120.216,6/9/2024
83,ckirtlan2a,157.147.2.218,4/4/2024
84,jgraal2b,239.194.33.5,10/1/2024
85,jbiggin2c,116.253.79.224,1/5/2025
86,cbiddell2d,10.196.97.30,3/27/2024
87,gdelaney2e,49.226.123.208,2/17/2024
88,omacallam2f,114.10.235.111,4/24/2024
89,rcastagno2g,220.242.57.184,9/7/2024
90,cluffman2h,57.138.93.216,11/24/2024
91,spardy2i,117.146.77.246,8/10/2024
92,vshard2j,122.188.91.12,3/28/2024
93,tkleinmintz2k,208.27.215.147,12/14/2024
94,erastrick2l,27.247.94.79,6/1/2024
95,mguerrazzi2m,255.249.156.151,6/11/2024
96,sgrzes2n,173.165.166.159,7/6/2024
97,rwinfrey2o,255.245.43.30,1/17/2025
98,cinkster2p,174.224.144.84,6/26/2024
99,gmacleod2q,196.50.28.57,2/13/2024
100,raddess2r,106.42.24.15,8/24/2024
101,hpactat2s,26.164.0.43,4/7/2024
102,dstaterfield2t,148.13.141.2,10/30/2024
103,scleary2u,211.237.99.211,6/19/2024
104,jstoade2v,148.116.92.8,4/14/2024
105,hlowth2w,155.212.79.254,10/14/2024
106,cdemarchi2x,198.223.35.248,2/15/2024
107,ralfwy2y,65.204.158.109,4/13/2024
108,whazeup2z,59.3.193.225,6/24/2024
109,slancaster30,45.241.69.40,2/27/2024
110,sblune31,189.63.233.197,1/22/2024
111,dexton32,209.54.199.183,3/26/2024
112,stakle33,24.210.111.68,5/5/2024
113,akeary34,80.168.13.15,6/29/2024
114,cianizzi35,20.29.224.31,7/7/2024
115,jyeo36,229.0.135.208,1/7/2025
116,ojoddins37,1.53.54.248,1/17/2025
117,gkliemchen38,177.79.2.119,2/10/2024
118,mrickersey39,204.168.216.185,3/10/2024
119,sdebruin3a,110.157.250.5,5/26/2024
120,jmoubray3b,151.131.187.251,10/4/2024
121,dffoulkes3c,7.69.68.168,6/12/2024
122,mstatton3d,92.116.153.163,4/30/2024
123,hwycliff3e,37.236.251.96,1/21/2024
124,dhutchason3f,37.139.28.43,3/22/2024
125,amougin3g,35.241.112.60,10/30/2024
126,jmallion3h,13.94.38.36,11/13/2024
127,wforst3i,249.190.243.40,9/29/2024
128,keim3j,145.234.180.72,5/24/2024
129,stribe3k,208.145.128.124,7/9/2024
130,aalthrop3l,189.96.175.140,9/14/2024
131,fcaton3m,226.37.170.22,11/6/2024
132,sscough3n,136.173.247.110,4/8/2024
133,cmuffitt3o,24.100.94.73,1/15/2025
134,pwhisby3p,46.204.229.23,7/23/2024
135,cpoulglais3q,248.163.226.128,12/18/2024
136,chultberg3r,67.228.228.154,4/20/2024
137,usenecaux3s,133.145.24.157,2/1/2024
138,idepper3t,192.84.10.245,8/31/2024
139,tbrennand3u,140.81.213.4,3/11/2024
140,gtrenear3v,79.93.163.13,6/3/2024
141,oesgate3w,83.231.30.150,12/3/2024
142,smongain3x,27.125.110.4,11/11/2024
143,goconor3y,31.34.175.35,6/20/2024
144,ccrucetti3z,169.223.232.219,7/30/2024
145,fforbes40,189.76.77.215,2/7/2024
146,esecker41,202.197.188.161,10/4/2024
147,atorel42,222.154.230.193,3/4/2024
148,kwoolbrook43,17.195.103.137,7/20/2024
149,aphilipsen44,221.64.15.222,1/31/2024
150,kgaspard45,204.59.203.56,6/26/2024
151,smews46,214.31.156.201,3/20/2024
152,clacase47,152.37.4.153,1/2/2025
153,hcasbon48,130.10.104.25,6/21/2024
154,fdrysdale49,10.131.157.73,11/21/2024
155,cluscombe4a,17.69.193.157,11/3/2024
156,fdegoe4b,174.110.193.171,10/8/2024
157,ejefferies4c,208.64.211.45,5/15/2024
158,mrosi4d,136.145.14.26,1/21/2024
159,bconner4e,148.112.98.241,6/29/2024
160,bshurrock4f,220.212.166.123,12/1/2024
161,cluna4g,152.201.110.206,9/7/2024
162,rcarwardine4h,120.125.111.237,7/5/2024
163,abraghini4i,76.117.22.217,11/24/2024
164,mcastellucci4j,114.75.47.239,7/18/2024
165,swhittuck4k,64.55.4.164,1/16/2025
166,acoltherd4l,54.209.101.133,12/7/2024
167,ccoveley4m,235.230.84.38,6/6/2024
168,jcowdroy4n,196.222.226.155,7/31/2024
169,ajanos4o,153.224.197.106,8/1/2024
170,lawdry4p,215.103.60.87,10/11/2024
171,mscoggins4q,130.206.199.206,9/28/2024
172,sstuddert4r,169.208.160.62,10/23/2024
173,bbover4s,98.26.69.149,7/28/2024
174,pmcenteggart4t,169.42.48.122,7/21/2024
175,fmcclounan4u,10.199.184.127,12/18/2024
176,hbickerdicke4v,122.174.154.138,4/26/2024
177,jcuree4w,93.14.191.219,5/26/2024
178,dwanley4x,168.112.119.64,10/27/2024
179,cscalera4y,162.219.21.102,6/1/2024
180,smckearnen4z,172.141.96.112,3/10/2024
181,amatusovsky50,245.218.123.223,4/30/2024
182,tphilpots51,131.146.220.238,12/15/2024
183,gaudrey52,16.137.115.160,9/23/2024
184,mcambden53,181.175.153.170,8/5/2024
185,mduiged54,141.93.157.219,6/23/2024
186,lcelier55,237.125.112.39,11/10/2024
187,mshewery56,17.17.249.187,5/12/2024
188,ayitzowitz57,66.80.128.121,5/16/2024
189,ggoeff58,140.108.79.192,1/18/2025
190,jbasler59,93.105.50.112,10/17/2024
191,bwrey5a,173.146.227.139,3/9/2024
192,bkeppel5b,45.250.56.165,10/16/2024
193,tbrunke5c,69.250.32.79,7/14/2024
194,cmcclaughlin5d,49.83.192.117,3/16/2024
195,lfransseni5e,60.50.163.170,11/5/2024
196,dbwye5f,50.7.8.241,7/4/2024
197,mhuzzey5g,219.149.160.249,6/2/2024
198,wmunt5h,43.117.101.132,3/12/2024
199,roldfieldcherry5i,210.188.250.128,11/26/2024
200,lanthona5j,106.34.248.11,4/11/2024
201,nstansall5k,26.141.237.136,6/22/2024
202,alongwood5l,232.190.173.125,5/4/2024
203,mthursby5m,89.81.214.23,7/19/2024
204,lannakin5n,3.105.0.65,1/16/2025
205,dluard5o,39.207.79.251,10/5/2024
206,aickeringill5p,208.224.234.193,5/7/2024
207,hsteanyng5q,32.252.241.94,12/5/2024
208,csothcott5r,83.122.196.229,3/6/2024
209,hpennino5s,171.19.75.60,8/2/2024
210,vshewan5t,46.243.54.207,2/17/2024
211,tdufour5u,183.250.70.128,11/1/2024
212,wadnam5v,1.12.225.95,3/18/2024
213,dfeek5w,51.68.145.89,2/27/2024
214,cfaloon5x,75.136.178.28,4/9/2024
215,fcraigmyle5y,204.101.96.215,11/6/2024
216,lgayther5z,7.146.60.30,2/18/2024
217,cminci60,27.132.112.57,10/16/2024
218,dcaldecot61,234.200.71.196,12/4/2024
219,bdwine62,190.214.50.35,11/19/2024
220,ddeye63,30.163.203.149,10/23/2024
221,astledger64,55.40.144.133,1/19/2025
222,dnaul65,56.199.103.245,3/12/2024
223,bhawkswood66,137.139.69.53,8/10/2024
224,ksloan67,217.115.25.173,12/21/2024
225,arennock68,121.187.226.69,2/16/2024
226,lyude69,117.37.244.217,4/1/2024
227,cranahan6a,105.247.235.194,8/11/2024
228,rwigg6b,171.132.232.191,12/14/2024
229,jhavill6c,233.231.234.206,3/8/2024
230,bhinrichsen6d,4.129.11.82,11/15/2024
231,gstops6e,47.182.233.228,4/1/2024
232,crodell6f,209.42.141.240,3/6/2024
233,cbeauchamp6g,100.121.66.52,5/15/2024
234,tandrini6h,227.26.20.184,4/11/2024
235,bberns6i,185.65.216.171,3/31/2024
236,wschneidau6j,192.41.0.14,6/4/2024
237,jheims6k,226.18.180.138,9/16/2024
238,hgoldsbury6l,8.224.121.6,12/12/2024
239,taddess6m,241.89.106.129,8/25/2024
240,eleverington6n,135.143.52.7,4/3/2024
241,mcainey6o,163.79.242.84,12/24/2024
242,jpurser6p,202.38.161.107,1/22/2024
243,ypucknell6q,235.232.247.212,10/18/2024
244,rswaine6r,118.120.199.41,1/4/2025
245,meudall6s,28.106.206.99,7/25/2024
246,gbuick6t,223.109.224.251,7/31/2024
247,gballinger6u,8.46.194.57,11/10/2024
248,croller6v,20.122.249.246,3/20/2024
249,lhawkeswood6w,89.19.127.144,2/14/2024
250,gfishley6x,53.72.41.51,9/6/2024
251,dcowope6y,105.59.197.15,11/11/2024
252,yhanwright6z,120.243.98.1,9/16/2024
253,wscolland70,96.3.192.12,5/30/2024
254,gbuntain71,43.247.49.51,6/12/2024
255,bteasdale72,116.24.149.250,9/26/2024
256,dsimonnet73,127.234.224.47,6/18/2024
257,eveldens74,254.117.13.239,2/25/2024
258,jrake75,166.186.240.199,2/29/2024
259,mdadswell76,64.153.232.87,1/18/2025
260,mysson77,1.136.61.193,5/10/2024
261,jvicioso78,64.96.12.120,5/10/2024
262,ukluger79,107.98.134.181,2/23/2024
263,csafell7a,212.19.210.105,4/17/2024
264,mfeltham7b,153.140.79.194,12/8/2024
265,mhulme7c,10.223.71.215,12/22/2024
266,mbahia7d,222.146.132.243,5/5/2024
267,ncowpe7e,99.80.58.94,10/18/2024
268,emcevilly7f,190.53.180.232,9/8/2024
269,ttidman7g,47.55.242.146,4/15/2024
270,jchurchouse7h,160.177.15.201,12/20/2024
271,sbotly7i,108.246.223.12,2/27/2024
272,dworssam7j,50.167.103.118,1/3/2025
273,dbiggins7k,136.37.35.211,11/4/2024
274,dgoodinge7l,85.233.41.192,9/7/2024
275,mdelahunty7m,116.201.141.88,10/11/2024
276,lhampson7n,72.126.199.248,4/7/2024
277,gjaffa7o,253.237.103.64,8/4/2024
278,lstoddart7p,255.100.225.80,10/16/2024
279,pkleynermans7q,113.126.125.26,6/15/2024
280,gruggiero7r,124.77.168.16,11/6/2024
281,pfrancecione7s,94.191.53.44,1/17/2025
282,bchable7t,49.253.176.189,7/28/2024
283,arotlauf7u,225.102.92.152,11/19/2024
284,sbirbeck7v,99.49.157.69,3/17/2024
285,mkeelin7w,1.164.120.125,4/30/2024
286,bfearnall7x,83.71.43.164,7/19/2024
287,ascarlet7y,201.13.32.8,10/5/2024
288,afrancello7z,166.52.237.170,3/24/2024
289,lbevans80,221.222.216.102,7/29/2024
290,tgoldney81,255.177.128.87,4/18/2024
291,lgarrish82,107.109.111.214,9/2/2024
292,cmundie83,208.48.143.78,11/4/2024
293,mgopsell84,116.4.40.232,1/11/2025
294,lmccurlye85,205.78.85.228,3/29/2024
295,ncoviello86,192.123.93.170,3/22/2024
296,dbraga87,211.134.55.9,5/1/2024
297,lbedow88,16.100.48.182,11/16/2024
298,grenard89,101.247.36.173,8/30/2024
299,rwhitwell8a,203.27.143.147,7/30/2024
300,hkynton8b,200.227.138.13,1/26/2024
301,jander8c,30.59.223.137,4/22/2024
302,ewestcot8d,115.242.75.220,8/19/2024
303,ngodman8e,242.223.103.114,5/30/2024
304,ddrees8f,49.136.164.121,10/31/2024
305,abranche8g,52.41.196.132,7/5/2024
306,eandrolli8h,214.220.156.76,11/11/2024
307,glarret8i,230.154.135.24,1/15/2025
308,mrosenstein8j,20.237.173.157,11/7/2024
309,ikinneally8k,176.227.134.150,7/28/2024
310,hmccord8l,118.141.92.97,6/14/2024
311,chew8m,166.219.222.168,9/29/2024
312,mdeadman8n,233.46.165.170,12/18/2024
313,alaetham8o,4.96.194.165,4/3/2024
314,mguerreru8p,199.157.11.187,1/16/2025
315,dwebbbowen8q,209.80.35.61,6/24/2024
316,nspaughton8r,250.94.142.100,12/11/2024
317,rpanner8s,232.65.73.232,11/21/2024
318,rwheeler8t,111.133.101.220,1/2/2025
319,smetzing8u,215.175.167.23,4/15/2024
320,tsowrey8v,106.6.71.247,9/4/2024
321,bdechelle8w,17.21.231.55,12/28/2024
322,mgrantham8x,77.131.179.97,2/27/2024
323,nmurfett8y,254.106.42.100,9/10/2024
324,dleasor8z,84.78.159.44,1/7/2025
325,acammell90,141.37.234.96,11/29/2024
326,apickthall91,113.40.198.207,12/6/2024
327,erennolds92,30.108.240.34,9/27/2024
328,bmatityahu93,136.63.50.79,11/24/2024
329,lcallway94,224.181.83.40,5/12/2024
330,smacari95,16.64.142.156,10/23/2024
331,tbalaam96,233.225.253.236,8/29/2024
332,myanson97,121.214.123.18,3/28/2024
333,agregori98,71.36.129.145,12/19/2024
334,cdecort99,123.164.21.17,8/29/2024
335,lianiello9a,225.89.253.17,5/14/2024
336,hwynrehame9b,227.34.66.52,12/15/2024
337,sobyrne9c,43.30.156.235,3/12/2024
338,dwatton9d,141.73.23.131,3/30/2024
339,eshingfield9e,158.4.53.5,4/16/2024
340,tbridgwood9f,244.47.26.134,6/20/2024
341,skase9g,73.22.141.170,6/22/2024
342,tline9h,249.229.248.62,9/22/2024
343,rcuddihy9i,102.166.117.128,5/28/2024
344,ctutton9j,207.254.145.119,5/17/2024
345,bmorsom9k,155.127.247.193,12/31/2024
346,ludie9l,117.134.10.39,7/30/2024
347,wdepport9m,179.141.166.172,5/12/2024
348,jstollwerck9n,84.218.125.78,11/8/2024
349,ktukely9o,103.120.195.89,8/6/2024
350,abodimeade9p,193.176.181.18,4/28/2024
351,rlinster9q,191.124.87.211,6/24/2024
352,clavielle9r,1.184.190.120,12/11/2024
353,fbrocklesby9s,40.79.10.70,10/4/2024
354,fleates9t,1.138.155.14,5/24/2024
355,bhackworthy9u,162.110.234.1,5/11/2024
356,ebolitho9v,202.222.152.206,7/11/2024
357,mtomasello9w,167.167.181.63,10/15/2024
358,echarle9x,190.57.246.95,5/17/2024
359,mhartropp9y,98.38.65.114,8/19/2024
360,emcrae9z,16.74.103.95,2/29/2024
361,sblodgeta0,119.145.36.161,9/27/2024
362,hduminia1,227.203.45.68,8/3/2024
363,wlorentzena2,56.142.26.118,12/21/2024
364,dcrehana3,79.204.202.230,6/11/2024
365,atuminia4,245.79.157.13,11/29/2024
366,smatussowa5,170.204.201.73,4/11/2024
367,wfrankea6,115.159.204.183,7/10/2024
368,ttotha7,117.212.156.145,9/19/2024
369,aziebarta8,22.5.180.47,4/26/2024
370,frossina9,65.232.33.17,1/16/2025
371,tpoppletonaa,71.6.240.47,10/4/2024
372,gdevasab,78.123.28.100,10/8/2024
373,rbarkwayac,161.131.197.94,7/18/2024
374,lbenmoread,203.105.189.214,1/29/2024
375,poakerae,147.213.200.183,6/30/2024
376,etevlinaf,172.176.251.255,5/11/2024
377,rmangionag,93.213.85.122,11/10/2024
378,ochingah,104.20.76.131,12/29/2024
379,laughtonai,191.210.58.72,8/28/2024
380,esisnerosaj,39.44.19.25,5/4/2024
381,alampartak,130.161.206.26,9/17/2024
382,ehurtonal,234.55.197.79,11/6/2024
383,sbraveryam,235.88.160.166,12/12/2024
384,awoodroffean,21.143.221.184,11/20/2024
385,cgravieao,141.149.192.162,11/29/2024
386,amckeaneyap,212.40.41.246,8/5/2024
387,jgoadbieaq,130.21.46.129,10/22/2024
388,gcapelinar,55.251.137.14,11/5/2024
389,mtesoeas,231.163.243.227,3/14/2024
390,jsymsat,114.217.126.131,6/26/2024
391,ndevileau,195.29.169.126,8/8/2024
392,lilettav,135.110.179.118,8/25/2024
393,dnorcottaw,63.188.4.198,11/4/2024
394,chuleattax,134.62.159.216,9/13/2024
395,wscullinay,60.89.123.42,7/23/2024
396,gdeshonaz,181.5.11.245,9/5/2024
397,ostansburyb0,91.117.64.116,6/12/2024
398,kgaddesbyb1,64.87.172.239,6/17/2024
399,bhibbartb2,66.83.122.22,7/7/2024
400,aroisenb3,106.243.214.135,12/3/2024
401,rfergusonb4,172.140.222.130,5/29/2024
402,gstubbleyb5,18.166.131.176,6/18/2024
403,mphoebeb6,221.205.29.24,5/13/2024
404,ogoodgeb7,51.81.31.157,1/22/2024
405,cleeuwerinkb8,230.196.14.211,12/27/2024
406,tclougherb9,197.156.221.158,11/11/2024
407,csloaneba,178.55.194.136,6/16/2024
408,mmuressbb,1.46.176.126,5/23/2024
409,vtillertonbc,88.89.121.22,8/9/2024
410,sarstallbd,0.170.120.28,1/10/2025
411,jlemmbe,237.10.231.132,5/1/2024
412,pdenverbf,240.136.16.50,9/4/2024
413,fdencsbg,213.187.251.179,8/15/2024
414,jcuddihybh,166.55.48.158,9/14/2024
415,lfeechumbi,13.227.184.226,1/11/2025
416,jgoodierbj,61.62.6.65,6/17/2024
417,rfinnickbk,165.241.63.227,1/29/2024
418,kmouldingbl,244.88.6.108,12/24/2024
419,smaccallesterbm,183.248.75.70,10/10/2024
420,ahinstridgebn,63.125.160.44,6/25/2024
421,amacginleybo,213.31.132.71,4/1/2024
422,fvinkerbp,76.62.75.225,1/4/2025
423,mhampebq,64.217.80.104,8/26/2024
424,dbaudassobr,155.115.185.73,12/31/2024
425,aknudsenbs,62.17.250.167,6/18/2024
426,twhallbt,189.213.175.91,6/25/2024
427,lgagerbu,161.83.186.184,10/11/2024
428,oborrisbv,65.80.2.218,4/24/2024
429,vcamillettibw,227.112.69.101,12/16/2024
430,lmaffeobx,103.127.45.11,7/30/2024
431,burwenby,55.249.217.197,3/17/2024
432,estokellbz,180.175.226.150,2/10/2024
433,seggarc0,186.81.14.247,5/26/2024
434,bdyterc1,148.163.44.170,12/25/2024
435,mashbornec2,41.152.11.156,12/30/2024
436,dwhitlowc3,62.198.48.249,6/12/2024
437,ecatherinec4,0.50.248.84,11/2/2024
438,cvasilechkoc5,172.251.114.252,10/26/2024
439,mtheodorisc6,200.195.107.123,9/2/2024
440,bgrimshawc7,241.245.203.126,11/1/2024
441,lpalkec8,66.164.80.95,10/28/2024
442,rbeswellc9,239.222.8.113,5/25/2024
443,jitzkovwitchca,133.28.246.83,1/11/2025
444,rstopforthcb,255.11.81.114,8/25/2024
445,rumbertcc,34.31.70.104,11/11/2024
446,jmowlingcd,196.195.39.59,6/3/2024
447,bnuttce,181.235.175.159,1/16/2025
448,tchristycf,157.81.7.63,11/2/2024
449,warmorcg,112.62.7.2,12/3/2024
450,eclemenceauch,96.202.117.164,12/15/2024
451,fkhanci,81.107.11.211,10/1/2024
452,kgaskoincj,171.96.169.206,8/12/2024
453,agoudack,136.216.209.241,6/30/2024
454,sfrounkscl,167.174.71.237,7/22/2024
455,jreddlesdencm,163.25.135.146,8/17/2024
456,nmcnerncn,2.242.220.209,1/10/2025
457,lbarriballco,231.161.34.221,9/1/2024
458,kpersecp,214.53.149.239,2/8/2024
459,jbirtscq,242.232.225.17,6/29/2024
460,marnaldcr,117.0.146.20,11/4/2024
461,kbolingbrokecs,243.94.53.155,1/15/2025
462,gdearect,22.128.181.238,7/3/2024
463,lplayfaircu,77.235.225.0,10/16/2024
464,rocahernycv,117.54.50.243,12/4/2024
465,hcarlozzicw,174.27.239.91,12/1/2024
466,wlimrickcx,102.62.53.82,11/4/2024
467,rsnarttcy,67.36.35.109,6/26/2024
468,itabercz,155.5.123.34,9/13/2024
469,sharkessd0,206.78.251.40,7/3/2024
470,cmaletrattd1,35.161.80.114,11/26/2024
471,ocerithd2,163.62.116.164,4/2/2024
472,jwillmettsd3,193.230.49.233,3/27/2024
473,aclared4,124.135.83.206,4/23/2024
474,tyved5,142.147.132.209,2/21/2024
475,phengoedd6,251.212.233.162,6/15/2024
476,hhulsed7,107.73.153.146,7/23/2024
477,kgringleyd8,149.6.106.48,8/25/2024
478,pmollened9,64.227.224.158,1/5/2025
479,cgrievsonda,31.233.140.73,5/21/2024
480,bganterdb,91.28.200.238,9/26/2024
481,rloncasterdc,94.110.101.179,3/1/2024
482,jfittisdd,53.114.128.232,9/3/2024
483,mmaxstedde,241.117.3.103,2/10/2024
484,ekytedf,192.170.98.131,4/7/2024
485,dtackesdg,155.247.210.33,10/14/2024
486,hdowdneydh,231.44.95.60,1/11/2025
487,psercombedi,192.254.223.57,9/19/2024
488,dlukasendj,218.74.191.167,10/7/2024
489,rficklingdk,204.79.215.234,5/29/2024
490,scomportdl,103.73.229.102,5/12/2024
491,ghedondm,223.69.141.218,1/4/2025
492,pgrassickdn,220.63.110.225,6/9/2024
493,lpercivaldo,233.133.175.168,5/6/2024
494,tmoyerdp,116.86.62.119,7/19/2024
495,jalessandrellidq,126.47.47.42,3/26/2024
496,byurkiewiczdr,229.207.130.141,6/15/2024
497,cbrockieds,96.197.44.212,12/13/2024
498,aduckworthdt,119.226.224.50,10/15/2024
499,fmcrilldu,21.222.163.81,11/17/2024
500,thedgedv,80.36.86.187,12/16/2024
501,lcrauforddw,99.200.76.38,4/2/2024
502,dthurstancedx,165.162.76.42,5/26/2024
503,scartydy,61.12.184.156,7/16/2024
504,zbeetlestonedz,240.79.160.108,5/15/2024
505,hcamockee0,224.167.222.165,10/10/2024
506,gberryanne1,62.246.126.7,12/16/2024
507,bodame2,112.111.189.197,8/24/2024
508,avenarde3,67.167.116.185,5/30/2024
509,ecromee4,23.206.39.173,8/13/2024
510,abarizerete5,35.179.158.186,7/5/2024
511,dpaddeleye6,178.138.150.120,12/24/2024
512,slimericke7,184.254.166.80,10/17/2024
513,caskelle8,195.69.156.157,9/19/2024
514,rcolquytee9,35.38.78.217,9/19/2024
515,tsquelchea,101.221.216.237,10/3/2024
516,rcradeyeb,158.109.11.162,2/10/2024
517,sballaamec,129.151.74.24,2/8/2024
518,wbroomhalled,245.21.101.2,1/16/2025
519,dsommerlandee,156.97.155.145,5/10/2024
520,donginef,187.233.156.26,11/1/2024
521,tbaulcombeeg,186.41.110.179,8/14/2024
522,dmurrelleh,246.166.99.82,11/26/2024
523,gbyneei,125.235.61.158,3/26/2024
524,ecogarej,227.21.37.164,5/31/2024
525,bedlingek,54.67.197.42,6/1/2024
526,tgoodersonel,221.13.217.117,5/9/2024
527,tsingsem,39.46.159.88,12/8/2024
528,kgauvainen,130.208.224.71,6/30/2024
529,jwhitefordeo,11.178.90.121,8/13/2024
530,mcordierep,227.203.20.96,7/31/2024
531,mgeggeq,96.16.148.250,2/20/2024
532,haingeer,57.252.105.73,4/2/2024
533,canfussoes,38.63.3.55,1/13/2025
534,nfluteet,133.117.2.166,4/1/2024
535,bfrancesconieu,247.133.201.173,8/13/2024
536,mcalderonev,195.192.229.95,12/11/2024
537,jeastmeadew,23.62.226.246,7/28/2024
538,nwasteneyex,67.245.180.179,8/19/2024
539,gfrearsoney,96.190.70.97,6/29/2024
540,tskipperez,204.81.37.117,9/26/2024
541,abonickf0,242.183.110.90,6/13/2024
542,asabenf1,244.214.103.159,12/29/2024
543,eblezardf2,112.134.104.218,2/14/2024
544,vdartf3,207.117.246.4,7/16/2024
545,dgwynf4,165.206.255.102,12/1/2024
546,msconesf5,221.107.203.105,1/29/2024
547,nheinrichf6,42.91.109.153,5/23/2024
548,kfardyf7,18.49.228.46,11/23/2024
549,csaltsbergerf8,144.116.40.139,7/25/2024
550,jfarresf9,212.244.24.220,7/31/2024
551,jbessantfa,175.183.124.16,6/17/2024
552,rblumfb,139.207.130.213,1/17/2025
553,msatcherfc,102.62.22.176,8/3/2024
554,hthornberfd,105.7.213.136,5/2/2024
555,ygreenmanfe,196.161.200.164,11/1/2024
556,mboscherff,234.150.180.161,4/6/2024
557,rrostronfg,118.6.98.196,5/2/2024
558,mzannettifh,73.198.38.107,7/26/2024
559,rvaulsfi,153.93.210.49,4/12/2024
560,kscutchingsfj,34.248.12.115,3/26/2024
561,vouthwaitefk,218.104.127.247,10/10/2024
562,ebrandsfl,159.244.225.77,7/24/2024
563,dharfletefm,106.82.38.121,7/2/2024
564,twehnerfn,253.186.106.110,9/6/2024
565,bdanefo,102.5.159.95,1/28/2024
566,sbabarfp,225.124.60.151,8/29/2024
567,jlindnerfq,52.86.23.167,1/8/2025
568,dmielnikfr,243.155.203.178,4/13/2024
569,sromaintfs,54.7.165.250,1/2/2025
570,ssilberschatzft,101.255.38.193,6/26/2024
571,cbartelotfu,201.64.219.234,12/12/2024
572,dcarranefv,160.133.255.117,3/28/2024
573,bcodyfw,217.92.64.150,5/9/2024
574,hallnerfx,57.205.73.154,8/24/2024
575,ldrysdallfy,215.214.230.122,6/1/2024
576,cdashkovfz,203.48.145.20,4/20/2024
577,sbaneg0,128.156.166.32,12/15/2024
578,smurtg1,69.115.227.46,7/28/2024
579,gpiolag2,35.235.229.172,1/11/2025
580,jdommerqueg3,116.226.20.46,7/17/2024
581,mdurwardg4,222.98.5.149,8/3/2024
582,lgarnulg5,152.141.65.76,1/15/2025
583,mchaunceg6,62.170.208.208,4/17/2024
584,sbrewoodg7,30.166.252.128,1/30/2024
585,vclotworthyg8,41.71.211.178,10/18/2024
586,ubarneveldg9,220.58.98.14,4/17/2024
587,eskallyga,77.223.231.158,2/24/2024
588,cdemarcogb,253.94.19.84,1/9/2025
589,csurgenorgc,109.214.144.219,11/15/2024
590,cbenthamgd,211.154.216.152,11/16/2024
591,lfilippyevge,236.59.95.112,9/4/2024
592,plodfordgf,28.15.104.243,6/3/2024
593,blogesdalegg,14.144.26.15,9/22/2024
594,hdobneygh,33.116.5.172,5/11/2024
595,cdorlinggi,93.46.95.237,2/9/2024
596,mruggierigj,200.31.99.4,10/4/2024
597,rmcgrirlgk,104.83.74.253,5/3/2024
598,bcartangl,118.167.173.93,11/22/2024
599,nglanvillgm,10.63.76.40,12/28/2024
600,dnottinghamgn,142.216.217.182,7/14/2024
601,hchestergo,86.212.4.109,4/7/2024
602,aevershedgp,70.80.31.108,8/31/2024
603,mbartelligq,66.158.62.104,4/6/2024
604,dilyuchyovgr,195.14.230.14,11/27/2024
605,mmarags,213.134.96.102,7/30/2024
606,dsavarygt,59.180.212.114,6/18/2024
607,grolstonegu,51.60.7.93,11/21/2024
608,jbilbiegv,78.24.209.186,3/15/2024
609,eputtnamgw,125.207.67.202,6/10/2024
610,gmantlegx,132.140.133.77,11/26/2024
611,easkeygy,230.55.35.232,5/14/2024
612,bamygz,220.93.61.234,8/29/2024
613,gmasedonh0,235.181.176.196,3/22/2024
614,lhartgillh1,55.177.104.188,8/14/2024
615,jheningamh2,127.216.33.254,4/19/2024
616,mpettendrichh3,104.117.222.168,12/14/2024
617,ghamlinh4,112.133.52.161,7/14/2024
618,msharplesh5,160.187.7.189,7/1/2024
619,bbushillh6,50.97.184.111,4/16/2024
620,jottamh7,181.111.40.57,9/21/2024
621,imcilhattonh8,43.165.45.97,4/8/2024
622,lgillonh9,19.84.57.37,12/22/2024
623,crobelowha,191.65.74.206,2/24/2024
624,afissendenhb,214.146.31.70,4/6/2024
625,cferentzhc,85.11.132.58,4/30/2024
626,cvannuchihd,43.84.227.119,9/1/2024
627,avasyuchovhe,179.127.28.102,1/13/2025
628,mnarramorhf,227.85.166.238,7/27/2024
629,gcogswellhg,242.229.120.28,1/13/2025
630,gdaverenhh,38.132.70.7,8/24/2024
631,rerskinesandyshi,199.69.115.73,10/9/2024
632,pbainehj,157.23.130.6,2/19/2024
633,aleemanshk,149.251.254.237,8/2/2024
634,kstatterhl,220.9.178.145,2/26/2024
635,mbartolijnhm,23.40.201.10,5/9/2024
636,sropshn,28.201.9.156,6/20/2024
637,tcarmeho,157.164.160.38,5/18/2024
638,lstablehp,160.29.0.165,11/17/2024
639,hlabromhq,123.3.28.164,11/29/2024
640,mmacmychemhr,87.205.249.185,12/23/2024
641,tagushs,141.197.126.255,6/25/2024
642,mdraperht,175.104.185.105,7/14/2024
643,mphillishu,194.88.190.91,3/24/2024
644,thargitthv,4.184.1.141,11/17/2024
645,kgarrettshw,97.113.229.112,6/13/2024
646,lfisbyhx,48.97.102.229,10/12/2024
647,kroselhy,234.205.39.101,4/17/2024
648,foharahz,36.87.80.122,9/9/2024
649,cdomkei0,91.150.102.170,4/6/2024
650,clanchberryi1,245.218.200.59,9/13/2024
651,lrustoni2,118.77.190.86,3/18/2024
652,pdahlei3,79.157.84.121,9/5/2024
653,siannoi4,55.122.53.45,9/22/2024
654,rcorsseni5,243.160.144.84,8/16/2024
655,mswaylandi6,202.119.135.252,10/31/2024
656,baceyi7,81.180.108.194,4/27/2024
657,nlagrangei8,231.114.106.229,11/30/2024
658,scorneljesi9,49.149.75.98,6/16/2024
659,gchaveyia,53.79.19.95,11/16/2024
660,cfishbournib,54.157.206.29,6/24/2024
661,dgilbeeic,93.96.75.24,10/6/2024
662,abeckfordid,127.91.13.252,5/2/2024
663,tstitchie,77.189.137.30,10/18/2024
664,lwinwrightif,4.38.201.250,3/19/2024
665,oalelsandrovichig,54.101.182.96,10/27/2024
666,tiacominiih,57.167.99.151,5/19/2024
667,dbrixeyii,112.87.135.104,9/27/2024
668,yfierroij,84.135.239.28,8/31/2024
669,kbernardiniik,79.250.168.125,7/23/2024
670,donnil,15.201.32.115,5/7/2024
671,mhogganim,104.184.26.188,10/25/2024
672,gholleranin,36.34.190.201,9/22/2024
673,cexpositoio,64.132.112.83,11/13/2024
674,nblydeip,46.119.217.147,12/31/2024
675,tzannottiiq,240.145.105.89,4/14/2024
676,mstockneyir,65.103.141.225,6/20/2024
677,bprugelis,27.106.252.197,10/23/2024
678,hbarnissit,179.165.153.156,10/24/2024
679,hmalacridaiu,89.141.225.76,10/1/2024
680,ypennettiiv,186.223.240.250,2/14/2024
681,mbriddleiw,30.82.55.137,5/27/2024
682,selgeeix,8.19.135.134,9/29/2024
683,bdimancheiy,167.235.73.184,2/25/2024
684,bcrotheriz,70.14.84.115,11/17/2024
685,arenaultj0,69.226.248.56,12/27/2024
686,jbrownseyj1,30.208.235.84,5/26/2024
687,mjellyj2,51.50.38.8,8/17/2024
688,osetteringtonj3,158.144.53.160,8/19/2024
689,faringtonj4,249.171.25.143,10/26/2024
690,cdensellj5,133.51.163.248,10/5/2024
691,echallengerj6,88.12.238.237,5/21/2024
692,jmisselbrookj7,118.18.151.173,6/12/2024
693,awestwaterj8,23.161.42.96,10/19/2024
694,rclurowj9,139.91.106.103,8/23/2024
695,rchardinja,31.157.230.43,9/23/2024
696,lkopacekjb,108.43.227.41,12/24/2024
697,ofitzsimmonsjc,125.36.118.99,1/6/2025
698,dbowjd,28.145.252.165,6/17/2024
699,ctompkissje,255.196.214.115,4/13/2024
700,fwhetsonjf,13.63.203.255,11/5/2024
701,nmaurojg,214.46.149.85,10/30/2024
702,gcrackerjh,42.251.189.91,1/29/2024
703,cgoudeji,176.134.130.146,7/19/2024
704,ccoburnjj,2.204.32.129,6/18/2024
705,hvondrachjk,221.13.45.137,1/14/2025
706,droastjl,147.53.164.179,10/31/2024
707,lzanninijm,9.45.169.220,9/27/2024
708,ikeatsjn,35.91.120.173,6/3/2024
709,aboulstridgejo,66.116.162.64,10/21/2024
710,ssodorjp,180.96.219.79,1/26/2024
711,dmatfieldjq,236.15.208.181,1/21/2024
712,skeamjr,79.216.254.225,6/2/2024
713,dwhitenjs,254.78.194.213,2/15/2024
714,kwilseyjt,84.23.33.178,11/11/2024
715,kboarerju,242.201.159.153,3/9/2024
716,lbutnerjv,82.159.174.165,1/6/2025
717,vdallmanjw,116.203.194.226,4/23/2024
718,lkingsfordjx,222.8.93.157,4/3/2024
719,ametzingjy,115.81.138.216,11/5/2024
720,gcreggjz,171.49.131.19,7/28/2024
721,mbellchamberk0,8.80.146.63,5/7/2024
722,dlancasterk1,100.200.106.62,4/11/2024
723,hburwink2,9.139.81.241,3/27/2024
724,gbettenayk3,41.87.237.185,1/17/2025
725,dstrickettk4,140.89.246.222,5/23/2024
726,lheinricik5,8.53.209.129,10/27/2024
727,sparrettk6,75.241.177.247,10/7/2024
728,kalsterk7,52.8.177.0,1/17/2025
729,peadenk8,48.130.156.116,9/9/2024
730,hnovillk9,160.60.36.85,12/4/2024
731,cbridieka,10.159.52.99,6/23/2024
732,gcorainkb,225.67.14.164,2/10/2024
733,eshailerkc,50.115.79.11,6/1/2024
734,mgraftonherbertkd,170.42.185.24,9/14/2024
735,fpumphreyske,151.212.72.142,8/17/2024
736,bhazeldeankf,125.91.9.95,2/17/2024
737,vshottinkg,249.239.60.164,6/29/2024
738,ggreggkh,72.4.11.104,10/27/2024
739,gmcclunaghanki,115.221.121.89,4/1/2024
740,emchalekj,91.153.127.170,11/14/2024
741,gfearnleykk,33.202.187.103,2/18/2024
742,djovanovickl,28.131.30.168,10/22/2024
743,jmarvelkm,201.120.198.240,1/14/2025
744,bbinglekn,80.70.22.90,4/29/2024
745,rpeagrimko,51.195.104.116,6/22/2024
746,nhebdenkp,236.5.166.148,3/27/2024
747,mchesserkq,65.175.240.139,2/25/2024
748,ctilbrookkr,191.139.39.58,11/2/2024
749,kosbandks,63.89.160.231,6/27/2024
750,shurkettkt,40.25.48.18,3/30/2024
751,educkku,74.52.242.75,8/8/2024
752,uquincekv,238.144.180.194,2/1/2024
753,jmcevaykw,248.20.116.131,8/27/2024
754,rkasmankx,27.7.117.69,11/21/2024
755,hsprullky,170.141.228.65,12/2/2024
756,romearakz,23.159.159.85,1/6/2025
757,cbruhkel0,208.150.2.54,5/1/2024
758,dacresl1,36.115.228.29,4/10/2024
759,cboasl2,235.149.240.98,10/3/2024
760,gtomasuttil3,23.164.156.200,4/22/2024
761,zaggiol4,1.71.55.243,6/7/2024
762,jjoannicl5,61.1.8.0,3/24/2024
763,tcosgrovel6,99.84.220.109,1/5/2025
764,ebasnettl7,107.222.223.215,7/22/2024
765,elaudhaml8,7.151.119.157,11/20/2024
766,operrygol9,184.233.45.80,8/4/2024
767,smorewoodla,137.100.161.79,9/23/2024
768,bivimylb,58.14.86.76,6/9/2024
769,ocheneylc,161.164.224.211,7/3/2024
770,atombsld,252.74.198.68,3/12/2024
771,tashplantle,21.192.230.12,8/9/2024
772,lhurranlf,146.13.27.206,5/15/2024
773,bwhawelllg,246.54.207.110,6/3/2024
774,rtidridgelh,9.149.0.82,11/23/2024
775,tskeggli,246.95.225.214,10/3/2024
776,pdubbinlj,134.145.16.190,4/26/2024
777,sfreezerlk,38.243.52.124,5/20/2024
778,ekinanell,139.18.40.121,10/5/2024
779,krallingslm,120.192.142.98,11/27/2024
780,dploverln,57.150.93.173,10/25/2024
781,rgossagelo,224.167.223.58,11/29/2024
782,pbranniganlp,39.146.115.146,5/27/2024
783,dtomanlq,90.6.198.69,9/21/2024
784,ahuftonlr,64.168.153.53,9/27/2024
785,bhuardls,252.92.99.94,9/8/2024
786,mgrandinlt,86.231.191.56,5/7/2024
787,krevenslu,177.140.114.229,7/8/2024
788,abisterlv,235.211.139.149,3/19/2024
789,bhebburnlw,80.234.98.164,12/21/2024
790,ksetteringtonlx,150.60.210.75,6/8/2024
791,mkohrsly,45.34.44.16,4/21/2024
792,kmaccaulllz,48.248.244.82,12/22/2024
793,rbowartm0,69.18.154.156,6/20/2024
794,bkingsnorthm1,8.226.14.101,8/30/2024
795,ckuzemkam2,7.199.20.77,9/24/2024
796,sgrimestonem3,5.43.211.253,9/8/2024
797,wlawm4,206.168.106.135,6/4/2024
798,ifolanm5,134.220.212.97,12/29/2024
799,cashwoodm6,41.175.179.63,6/13/2024
800,phansm7,44.82.107.94,10/31/2024
801,zguntherm8,49.217.0.136,9/14/2024
802,acortinm9,57.134.69.83,6/7/2024
803,darnouldma,15.170.167.178,9/14/2024
804,zsidwellmb,207.181.223.161,2/21/2024
805,ibougenmc,102.128.187.235,3/14/2024
806,lluchellimd,231.178.149.119,1/19/2025
807,freeme,81.164.136.90,1/5/2025
808,dbrokenshawmf,46.29.199.61,11/1/2024
809,bcescomg,81.159.252.54,6/23/2024
810,cwickeymh,83.95.40.144,11/12/2024
811,rdaulbymi,185.78.158.153,5/8/2024
812,itibblesmj,169.75.172.62,3/7/2024
813,tyashanovmk,96.139.238.121,9/7/2024
814,rhakenml,113.173.227.39,5/7/2024
815,tdeantonimm,188.123.153.119,5/13/2024
816,bweeksmn,249.217.121.41,5/11/2024
817,bvaanmo,179.33.217.111,9/20/2024
818,operrettmp,175.182.134.150,11/3/2024
819,akraussmq,223.200.85.147,1/24/2024
820,mbanasevichmr,190.172.15.84,12/25/2024
821,jchippms,86.1.82.170,6/25/2024
822,fcauseymt,172.151.118.163,12/24/2024
823,jcawthramu,37.216.196.34,5/28/2024
824,jbendleymv,225.65.94.94,11/26/2024
825,ksangwinmw,113.47.45.175,11/5/2024
826,lffordemx,37.198.191.1,7/8/2024
827,rmedcalfmy,229.197.122.31,4/10/2024
828,elongwoodmz,105.250.119.95,11/30/2024
829,wosboldstonen0,28.206.127.177,3/21/2024
830,asherrn1,83.60.162.251,8/28/2024
831,bsinisburyn2,18.163.170.194,10/29/2024
832,bcolliarn3,48.4.148.71,9/2/2024
833,wbattelln4,11.29.54.158,10/26/2024
834,svaudinn5,50.193.130.143,3/29/2024
835,kizkovitchn6,193.106.25.243,6/18/2024
836,fjerroldn7,140.93.161.207,10/25/2024
837,bfranzeln8,22.198.253.69,2/3/2024
838,lsembern9,121.148.62.188,8/31/2024
839,bblaaschna,238.199.249.248,12/4/2024
840,newestacenb,216.252.142.246,3/18/2024
841,tschulznc,11.173.119.94,6/14/2024
842,hlegisternd,172.124.242.45,10/3/2024
843,saddamsne,203.87.52.153,9/22/2024
844,bpaskerfulnf,194.55.105.16,10/27/2024
845,amattiuzzing,166.7.215.135,3/24/2024
846,aleechmannh,153.29.136.181,3/29/2024
847,llandonni,173.110.142.123,12/8/2024
848,mseebertnj,65.213.93.239,9/6/2024
849,jkitchersidenk,72.4.205.153,9/13/2024
850,lrojanl,43.55.41.185,11/9/2024
851,hmcsporonnm,96.27.192.177,2/11/2024
852,zgyorgynn,164.122.233.247,7/7/2024
853,dpaultonno,26.153.214.107,9/9/2024
854,amoughtonnp,12.98.211.136,2/20/2024
855,esirmonnq,39.113.103.195,7/13/2024
856,czellandnr,157.35.251.240,7/21/2024
857,pekellns,185.79.1.10,10/14/2024
858,ociottont,202.172.67.191,11/8/2024
859,pcoppnu,193.184.90.69,1/23/2024
860,pbatissenv,85.127.40.167,8/23/2024
861,alightmannw,42.76.113.223,9/9/2024
862,rcoginnx,162.209.37.131,1/5/2025
863,ccavaneyny,151.136.195.225,9/23/2024
864,elundynz,186.217.247.35,5/4/2024
865,gpigdeno0,8.164.157.110,7/21/2024
866,mhefnero1,193.228.12.16,7/1/2024
867,amarietteo2,185.152.47.43,12/15/2024
868,hdickonso3,71.30.170.31,12/23/2024
869,shargerieo4,30.48.143.197,10/17/2024
870,mbraidmano5,211.252.93.47,1/12/2025
871,wlummiso6,154.21.34.82,2/25/2024
872,hswynleyo7,205.29.241.162,9/5/2024
873,eboxeo8,78.232.27.58,5/7/2024
874,mdyballo9,223.134.13.203,5/13/2024
875,mhullinsoa,107.128.15.237,9/5/2024
876,tbazelleob,192.206.113.14,1/1/2025
877,jphizackarleyoc,250.178.225.85,10/14/2024
878,gdivellod,161.166.189.31,7/1/2024
879,ethomessonoe,71.117.71.130,1/5/2025
880,glanchberryof,216.175.114.53,11/7/2024
881,nmccaffertyog,14.81.54.149,6/30/2024
882,msowerbuttsoh,123.92.70.182,7/6/2024
883,benriettooi,236.61.72.134,3/14/2024
884,awetherburnoj,251.7.255.168,2/24/2024
885,rgooderickok,250.114.70.142,10/21/2024
886,dplumerol,109.0.196.78,10/16/2024
887,bcaddanom,229.198.84.21,6/30/2024
888,rlenihanon,180.120.241.95,9/7/2024
889,memmetoo,35.81.41.100,10/24/2024
890,dbastowop,204.100.37.241,6/25/2024
891,amayelloq,200.129.212.15,7/1/2024
892,mcolvilleor,180.188.161.36,5/15/2024
893,mkeoghos,217.115.153.180,11/29/2024
894,pwheatlandot,209.237.249.114,1/29/2024
895,pzealou,90.208.175.178,4/12/2024
896,diannazziov,223.122.142.165,8/6/2024
897,jputterillow,211.196.147.150,7/27/2024
898,bsauvainox,45.87.156.137,2/23/2024
899,dlavingtonoy,173.35.211.47,12/14/2024
900,oacunaoz,173.8.69.199,9/30/2024
901,jstarfordp0,91.91.69.37,1/13/2025
902,mhadlandp1,208.221.42.144,10/20/2024
903,phaddestonp2,29.206.236.73,1/13/2025
904,bgroddenp3,115.150.173.255,8/7/2024
905,bmallinsonp4,156.170.151.199,6/10/2024
906,jgrigorievp5,146.90.134.74,10/20/2024
907,imarringtonp6,8.38.46.216,9/8/2024
908,sspaduccip7,125.83.186.71,11/29/2024
909,lcalterap8,183.225.42.107,6/26/2024
910,kgoliglyp9,4.134.80.230,2/8/2024
911,apotapczukpa,69.86.181.43,1/15/2025
912,edeguisepb,97.190.65.29,11/21/2024
913,ocrossfeldpc,76.177.107.85,10/6/2024
914,wclimpsonpd,206.237.241.59,7/10/2024
915,wbaudaccipe,46.140.35.223,1/26/2024
916,eorhtpf,173.43.208.34,2/29/2024
917,vsouthampg,241.21.178.122,10/23/2024
918,vgrimbaldestonph,248.54.231.56,1/21/2024
919,cbowrapi,151.220.15.226,4/15/2024
920,cstilemanpj,151.14.128.123,1/2/2025
921,jdomotorpk,175.172.172.230,3/1/2024
922,gpomphreypl,116.42.184.48,12/7/2024
923,cslaynypm,68.79.157.21,11/28/2024
924,mondricekpn,16.244.249.193,5/30/2024
925,vpratenpo,126.193.161.117,5/2/2024
926,mlicciardiellopp,214.56.230.91,1/16/2025
927,wissitpq,203.225.59.196,6/27/2024
928,cbrutepr,81.202.97.1,5/16/2024
929,gmathisps,135.23.12.216,10/14/2024
930,gmorganspt,153.202.42.107,7/3/2024
931,lblowerpu,18.3.72.139,3/29/2024
932,dspadellipv,171.241.54.231,8/26/2024
933,dsyrespw,198.82.193.7,7/9/2024
934,coleahypx,180.239.181.140,1/30/2024
935,tpannierspy,10.196.0.120,7/25/2024
936,lbleibaumpz,81.158.128.14,2/21/2024
937,swhitingtonq0,46.54.95.105,7/12/2024
938,oginieq1,221.203.117.101,3/28/2024
939,gatchlyq2,32.144.147.183,5/4/2024
940,hbatonq3,43.38.124.229,1/28/2024
941,wleregoq4,178.81.181.128,8/30/2024
942,hlathleiffq5,249.20.93.89,1/6/2025
943,ftilmouthq6,89.217.120.12,10/1/2024
944,gclissq7,210.106.11.89,11/30/2024
945,jscatcherq8,11.37.2.48,12/12/2024
946,jkhalidq9,4.43.80.223,12/5/2024
947,hjoseburyqa,130.139.82.108,11/15/2024
948,tgutowskiqb,181.92.152.134,11/8/2024
949,kworsomqc,175.4.160.233,5/26/2024
950,kkelsowqd,164.27.93.231,1/16/2025
951,mpenniniqe,51.14.98.146,5/4/2024
952,emollinqf,6.163.110.143,10/29/2024
953,bhedgeqg,109.124.178.253,6/26/2024
954,lwelfordqh,133.49.61.179,12/10/2024
955,vwitherqi,14.209.195.72,2/5/2024
956,clukeschqj,200.24.75.188,3/3/2024
957,jbeldhamqk,226.240.8.211,3/29/2024
958,mcrombql,214.221.84.199,12/4/2024
959,tmanneringqm,162.48.16.107,9/8/2024
960,emasseqn,220.204.147.138,2/28/2024
961,csasserqo,133.192.137.146,10/14/2024
962,krayerqp,81.80.65.185,9/20/2024
963,jlapleyqq,161.185.135.229,12/13/2024
964,sewanqr,125.115.167.31,10/12/2024
965,odessentqs,47.62.246.214,4/19/2024
966,rsandeverqt,39.11.124.27,8/23/2024
967,dmompessonqu,174.234.9.107,12/21/2024
968,tomannionqv,49.146.15.132,11/11/2024
969,cpoeqw,2.47.111.243,7/22/2024
970,asouthernqx,144.232.131.14,9/7/2024
971,bsellimanqy,35.148.167.36,3/26/2024
972,tmcdavidqz,167.38.114.210,8/11/2024
973,ggalifordr0,159.232.70.242,9/9/2024
974,farpr1,16.146.168.194,9/7/2024
975,awrothr2,232.122.80.93,3/4/2024
976,atesimonr3,157.129.31.250,1/23/2024
977,eattenbrowr4,45.243.244.43,2/12/2024
978,probeconr5,213.74.167.32,2/23/2024
979,aspinnacer6,75.172.68.253,6/20/2024
980,cshepherdr7,69.160.201.122,8/2/2024
981,jhabornr8,24.6.183.87,12/22/2024
982,dburkinr9,26.200.56.7,7/15/2024
983,wcoadyra,20.179.118.198,9/30/2024
984,mdaringtonrb,73.53.93.13,6/16/2024
985,pspottiswoodrc,59.167.128.204,1/21/2024
986,lskillettrd,65.11.188.220,12/12/2024
987,aluchellire,245.18.94.38,10/13/2024
988,hdavidescorf,186.200.43.215,11/19/2024
989,hromainesrg,4.36.223.229,12/31/2024
990,eneggrinirh,224.187.150.165,12/30/2024
991,amcshaneri,129.144.163.245,12/10/2024
992,mmuffinrj,107.162.225.236,12/18/2024
993,qrubyrk,193.65.60.144,12/1/2024
994,gmclenahanrl,8.114.55.70,10/9/2024
995,obrummellrm,155.68.236.174,9/10/2024
996,snorthridgern,47.6.164.165,11/23/2024
997,ehowsamro,95.131.80.19,4/4/2024
998,rcreboerp,217.122.49.210,4/24/2024
999,jblowrq,23.79.162.183,2/9/2024
1000,pivannikovrr,113.15.231.212,7/26/2024
